{
    "$schema": "https://schema.management.azure.com/schemas/2015-01-01/deploymentParameters.json#",
    "contentVersion": "1.0.0.0",
    "parameters": {
        "adminUsername": {
            "value": "GEN-UNIQUE-10"
        },
        "adminPassword": {
            "value": "GEN-PASSWORD"
        },
        "sqlServerServiceAccountPassword": {
            "value": "GEN-PASSWORD"
        },
        "sharePointSetupUserAccountPassword": {
            "value": "GEN-PASSWORD"
        },
        "sharePointFarmAccountPassword": {
            "value": "GEN-PASSWORD"
        },
        "sharePointFarmPassphrasePassword": {
            "value": "GEN-PASSWORD"
        },
        "sppublicIPAddressName": {
            "value": "GEN-UNIQUE"
        },
        "spDNSPrefix": {
            "value": "GEN-UNIQUE"
        },
        "storageAccountNamePrefix": {
            "value": "GEN-UNIQUE"
        }
    }
}
