{
  "$schema": "https://schema.management.azure.com/schemas/2015-01-01/deploymentTemplate.json#",
  "contentVersion": "1.0.0.0",
  "parameters": {
    "location": {
      "type": "string"
    },
    "adNicName": {
      "type": "string"
    },
    "adNicIPAddress": {
      "type": "string"
    },
    "adSubnetRef": {
      "type": "string"
    },
    "adBEAddressPoolID": {
      "type": "string"
    },
    "adRDPNATRuleID": {
      "type": "string"
    },
    "sqlNicName": {
      "type": "string"
    },
    "sqlSubnetRef": {
      "type": "string"
    },
    "sqlBEAddressPoolID": {
      "type": "string"
    },
    "sqlRDPNATRuleID": {
      "type": "string"
    },
    "spNicName": {
      "type": "string"
    },
    "spSubnetRef": {
      "type": "string"
    },
    "splbResourceId": {
      "type": "string"
    },
    "LBBE": {
      "type": "string"
    },
    "RDPNAT": {
      "type": "string"
    },
    "spWebNAT": {
      "type": "string"
    },
    "spCANAT": {
      "type": "string"
    }
  },
  "resources": [
    {
      "name": "[parameters('adNicName')]",
      "type": "Microsoft.Network/networkInterfaces",
      "location": "[parameters('location')]",
      "apiVersion": "2015-06-15",
      "properties": {
        "ipConfigurations": [
          {
            "name": "ipconfig1",
            "properties": {
              "privateIPAllocationMethod": "Static",
              "privateIPAddress": "[parameters('adNicIPAddress')]",
              "subnet": {
                "id": "[parameters('adSubnetRef')]"
              },
              "loadBalancerBackendAddressPools": [
                {
                  "id": "[parameters('adBEAddressPoolID')]"
                }
              ],
              "loadBalancerInboundNatRules": [
                {
                  "id": "[parameters('adRDPNATRuleID')]"
                }
              ]
            }
          }
        ]
      }
    },
    {
      "name": "[parameters('sqlNicName')]",
      "type": "Microsoft.Network/networkInterfaces",
      "location": "[parameters('location')]",
      "apiVersion": "2015-06-15",
      "properties": {
        "ipConfigurations": [
          {
            "name": "ipconfig1",
            "properties": {
              "privateIPAllocationMethod": "Dynamic",
              "subnet": {
                "id": "[parameters('sqlSubnetRef')]"
              },
              "loadBalancerBackendAddressPools": [
                {
                  "id": "[parameters('sqlBEAddressPoolID')]"
                }
              ],
              "loadBalancerInboundNatRules": [
                {
                  "id": "[parameters('sqlRDPNATRuleID')]"
                }
              ]
            }
          }
        ]
      }
    },
    {
      "name": "[parameters('spNicName')]",
      "type": "Microsoft.Network/networkInterfaces",
      "location": "[parameters('location')]",
      "apiVersion": "2015-06-15",
      "properties": {
        "ipConfigurations": [
          {
            "name": "ipconfig1",
            "properties": {
              "privateIPAllocationMethod": "Dynamic",
              "subnet": {
                "id": "[parameters('spSubnetRef')]"
              },
              "loadBalancerBackendAddressPools": [
                {
                  "id": "[concat(parameters('splbResourceId'),'/backendAddressPools/',parameters('LBBE'))]"
                }
              ],
              "loadBalancerInboundNatRules": [
                {
                  "id": "[concat(parameters('splbResourceId'),'/inboundNatRules/',parameters('RDPNAT'))]"
                },
                {
                  "id": "[concat(parameters('splbResourceId'),'/inboundNatRules/',parameters('spWebNAT'))]"
                },
                {
                  "id": "[concat(parameters('splbResourceId'),'/inboundNatRules/',parameters('spCANAT'))]"
                }
              ]
            }
          }
        ]
      }
    }
  ],
  "outputs": {}
}
