{
  "handler": "Microsoft.Compute.MultiVm",
  "version": "0.0.1-preview",
  "parameters": {
    "basics": [
      {
        "name": "sharePointFarmName",
        "type": "Microsoft.Common.TextBox",
        "label": "SharePoint farm name",
        "defaultValue": "spfarm",
        "constraints": {
          "required": true,
          "regex": "^[a-z0-9A-Z]{1,10}$",
          "validationMessage": "Only letters and numbers are allowed, and the value must be 1-10 characters long."
        }
      }
    ],
    "steps": [
      {
        "name": "infrastructureConfig",
        "label": "Infrastructure settings",
        "subLabel": {
          "preValidation": "Configure the infrastructure settings",
          "postValidation": "Done"
        },
        "bladeTitle": "Infrastructure settings",
        "elements": [
          {
            "name": "adminUsername",
            "type": "Microsoft.Compute.UserNameTextBox",
            "label": "Username",
            "toolTip": "Admin username for the virtual machines and the Active Directory domain.",
            "osPlatform": "Windows",
            "constraints": {
                "required": true
            }
          },
          {
            "name": "adminPassword",
            "type": "Microsoft.Compute.CredentialsCombo",
            "label": {
              "password": "Password",
              "confirmPassword": "Confirm password"
            },
            "toolTip": {
              "password": "Admin password for the virtual machines and the Active Directory domain."
            },
            "osPlatform": "Windows",
            "constraints": {
                "required": true
            }
          },
          {
            "name": "storageAccounts",
            "type": "Microsoft.Storage.MultiStorageAccountCombo",
            "label": {
                "prefix": "Storage account name prefix",
                "type": "Storage account type"
            },
            "defaultValue": {
                "type": "Premium_LRS"
            },
            "count": 2,
            "constraints": {
                "allowedTypes":[
                    "Premium_LRS",
                    "Standard_LRS",
                    "Standard_GRS"
                ],
                "required": true
            }
          },
          {
              "name": "virtualNetworkName",
              "type": "Microsoft.Common.TextBox",
              "label": "Virtual Network name",
              "toolTip": "Name of the virtual network to be created",
              "defaultValue": "spfarmvnet",
              "constraints": {
                  "required": true,
                  "regex": "^[a-z0-9A-Z]{1,10}$",
                  "validationMessage": "Only letters and numbers are allowed, and the value must be 1-10 characters long."
              }
          }
        ]
      },
      {
        "name": "adConfig",
        "label": "Active Directory settings",
        "subLabel": {
          "preValidation": "Configure the domain controller",
          "postValidation": "Done"
        },
        "bladeTitle": "Active Directory settings",
        "elements": [
          {
            "name": "domainName",
            "type": "Microsoft.Common.TextBox",
            "label": "Forest root domain name",
            "toolTip": "Fully-qualified domain name of the Active directory domain.",
            "defaultValue": "contoso.com",
            "constraints": {
              "required": true,
              "regex": "^([a-z0-9]+(-[a-z0-9]+)*\\.)+[a-z]{2,}$",
              "validationMessage": "Must be a valid fully-qualified domain name."
            }
          },
          {
            "name": "adVmSize",
            "type": "Microsoft.Compute.SizeSelector",
            "label": "Virtual machine size",
            "toolTip": "The size of the virtual machine for the domain controller.",
            "recommendedSizes": [
              "Standard_DS2",
              "Standard_DS3",
              "Standard_DS4",
              "Standard_DS2_v2",
              "Standard_DS3_v2",
              "Standard_DS4_v2"
            ],
            "constraints": {
              "allowedSizes": [
                "Standard_DS2",
                "Standard_DS3",
                "Standard_DS4",
                "Standard_DS11",
                "Standard_DS12",
                "Standard_DS13",
                "Standard_DS14",
                "Standard_DS2_v2",
                "Standard_DS3_v2",
                "Standard_DS4_v2",
                "Standard_DS11_v2",
                "Standard_DS12_v2",
                "Standard_DS13_v2",
                "Standard_DS14_v2"
              ]
            },
            "osPlatform": "Windows",
            "count": 1
          }
        ]
      },
      {
        "name": "sqlConfig",
        "label": "SQL Server settings",
        "subLabel": {
          "preValidation": "Configure the SQL Server",
          "postValidation": "Done"
        },
        "bladeTitle": "SQL Server settings",
        "elements": [
          {
            "name": "sqlVmSize",
            "type": "Microsoft.Compute.SizeSelector",
            "label": "Virtual machine size",
            "toolTip": "The size of the virtual machine for the SQL Server.",
            "recommendedSizes": [
              "Standard_DS3",
              "Standard_DS4",
              "Standard_DS14",
              "Standard_DS3_v2",
              "Standard_DS4_v2",
              "Standard_DS14_v2"
            ],
            "constraints": {
              "allowedSizes": [
                "Standard_DS3",
                "Standard_DS4",
                "Standard_DS11",
                "Standard_DS12",
                "Standard_DS13",
                "Standard_DS14",
                "Standard_DS3_v2",
                "Standard_DS4_v2",
                "Standard_DS11_v2",
                "Standard_DS12_v2",
                "Standard_DS13_v2",
                "Standard_DS14_v2"
              ]
            },
            "osPlatform": "Windows",
            "count": 1
          },
          {
            "name": "sqlServerServiceAccountPassword",
            "type": "Microsoft.Compute.CredentialsCombo",
            "label": {
              "password": "Service account password",
              "confirmPassword": "Confirm password"
            },
            "toolTip":{
              "password": "SQL Service account password, username is sqlserver, account is used to run  MSSQLSERVER and SQLSERVERAGENT."
            },
            "osPlatform": "Windows",
            "constraints": {
                "required": true
            }
          }
        ]
      },
      {
        "name": "spConfig",
        "label": "SharePoint Server settings",
        "subLabel": {
          "preValidation": "Configure the SharePoint server",
          "postValidation": "Done"
        },
        "bladeTitle": "SharePoint Server settings",
        "elements": [
          {
            "name": "spDnsAndPublicIP",
            "type": "Microsoft.Network.PublicIpAddressCombo",
            "label": {
              "publicIpAddress": "Public IP address",
              "domainNameLabel": "DNS label"
            },
            "toolTip": {
              "domainNameLabel": "DNS label for the SharePoint Server's public IP address, which hosts the first site collection and the Central Administration site."
            },
            "defaultValue": {
              "publicIpAddressName": "ip01"
            },
            "options": {
              "hideNone": true,
              "hideDomainNameLabel": false
            },
            "constraints": {
              "required": {
                 "domainNameLabel": true
              }
            }
          },
          {
            "name": "spVmSize",
            "type": "Microsoft.Compute.SizeSelector",
            "label": "Virtual machine size",
            "toolTip": "The size of the virtual machine for the SharePoint Server.",
            "recommendedSizes": [
              "Standard_DS3",
              "Standard_DS4",
              "Standard_DS14",
              "Standard_DS3_v2",
              "Standard_DS4_v2",
              "Standard_DS14_v2"
            ],
            "constraints": {
              "allowedSizes": [
                "Standard_DS3",
                "Standard_DS4",
                "Standard_DS11",
                "Standard_DS12",
                "Standard_DS13",
                "Standard_DS14",
                "Standard_DS3_v2",
                "Standard_DS4_v2",
                "Standard_DS11_v2",
                "Standard_DS12_v2",
                "Standard_DS13_v2",
                "Standard_DS14_v2"
              ]
            },
            "osPlatform": "Windows",
            "count": 1
          },
          {
            "name": "spSetupUserAccountPassword",
            "type": "Microsoft.Compute.CredentialsCombo",
            "label": {
              "password": "Setup user account password",
              "confirmPassword": "Confirm password"
            },
            "toolTip":{
              "password": "SharePoint setup account password, username is spsetup, account is used to setup SharePoint."
            },
            "osPlatform": "Windows",
            "constraints": {
                "required": true
            }
          },
          {
            "name": "spServerFarmAccountPassword",
            "type": "Microsoft.Compute.CredentialsCombo",
            "label": {
              "password": "Server farm account password",
              "confirmPassword": "Confirm password"
            },
            "toolTip":{
              "password": "farm account password, username is sp_farm, account is used to configure and manage server farm, act as the application pool identity for the SharePoint Central Administration Web site and run the Microsoft SharePoint Foundation Workflow ."
            },
            "osPlatform": "Windows",
            "constraints": {
                "required": true
            }
          },
          {
            "name": "spServerFarmPassphrase",
            "type": "Microsoft.Compute.CredentialsCombo",
            "label": {
              "password": "Server farm passphrase",
              "confirmPassword": "Confirm passphrase"
            },
            "toolTip": {
              "password": "A secure password phrase that will be used to join other machines to this farm."
            },
            "osPlatform": "Windows",
            "constraints": {
                "required": true
            }
          },
          {
            "name": "spSiteTemplateName",
            "type": "Microsoft.Common.DropDown",
            "label": "Content site template",
            "defaultValue": "Team Site",
            "constraints": {
                "required": true,
                "allowedValues": [
                {
                  "label": "Team Site",
                  "value": "STS#0"
                },
                {
                  "label": "Blank Site",
                  "value": "STS#1"
                },
                {
                  "label": "Document Workspace",
                  "value": "STS#2"
                },
                {
                  "label": "Basic Meeting Workspace",
                  "value": "MPS#0"
                },
                {
                  "label": "Decision Meeting Workspace",
                  "value": "MPS#2"
                },
                {
                  "label": "Wiki Site",
                  "value": "WIKI#0"
                },
                {
                  "label": "Central Admin Site",
                  "value": "CENTRALADMIN#0"
                }
              ]
            }
          }
        ]
      }
    ],
    "outputs": {
      "location": "[location()]",
      "sharePointFarmName": "[basics('sharePointFarmName')]",
      "adminUsername": "[steps('infrastructureConfig').adminUsername]",
      "adminPassword": "[steps('infrastructureConfig').adminPassword.password]",
      "virtualNetworkName": "[steps('infrastructureConfig').virtualNetworkName]",
      "storageAccountNamePrefix": "[steps('infrastructureConfig').storageAccounts.prefix]",
      "storageAccountType": "[steps('infrastructureConfig').storageAccounts.type]",
      "domainName": "[steps('adConfig').domainName]",
      "adVmSize": "[steps('adConfig').adVmSize]",
      "sqlVMSize": "[steps('sqlConfig').sqlVmSize]",
      "sqlServerServiceAccountPassword": "[steps('sqlConfig').sqlServerServiceAccountPassword.password]",
      "spDNSPrefix": "[steps('spConfig').spDnsAndPublicIP.domainNameLabel]",
      "sppublicIPAddressName": "[steps('spConfig').spDnsAndPublicIP.name]",
      "spPublicIPNewOrExisting": "[steps('spConfig').spDnsAndPublicIP.newOrExistingOrNone]",
      "spPublicIPRGName": "[steps('spConfig').spDnsAndPublicIP.resourceGroup]",
      "spVMSize": "[steps('spConfig').spVmSize]",
      "sharePointSetupUserAccountPassword": "[steps('spConfig').spSetupUserAccountPassword.password]",
      "sharePointFarmAccountPassword": "[steps('spConfig').spServerFarmAccountPassword.password]",
      "sharePointFarmPassphrasePassword": "[steps('spConfig').spServerFarmPassphrase.password]",
      "spSiteTemplateName": "[steps('spConfig').spSiteTemplateName]"
    }
  }
}
