{
  "$schema": "https://aka.ms/azure-quickstart-templates-metadata-schema#",
  "type": "QuickStart",
  "itemDisplayName": "Create a Three VM Sharepoint Deployment",
  "description": "This template creates three new Azure VMs, each with a public IP address and load balancer and a VNet, it configures one VM to be an AD DC for a new Forest and Domain, one with SQL Server domain joined and a third VM with a Sharepoint farm and  site, all VMs have public facing RDP",
  "summary": "This template creates a SharePoint farm",
  "githubUsername": "simongdavies",
  "dateUpdated": "2018-06-05"
}


