{
  "$schema": "https://schema.management.azure.com/schemas/2015-01-01/deploymentTemplate.json#",
  "contentVersion": "1.0.0.0",
  "parameters": {
    "location": {
      "type": "string"
    },
    "sqlVMName": {
      "type": "string"
    },
    "sqlVMSize": {
      "type": "string"
    },
    "sqlAvailabilitySetName": {
      "type": "string"
    },
    "adminUsername": {
      "type": "string"
    },
    "adminPassword": {
      "type": "securestring"
    },
    "storageAccountNamePrefix": {
      "type": "string"
    },
    "sqlDataDisk": {
      "type": "string"
    },
    "sqlLogDisk": {
      "type": "string"
    },
    "sqlNicName": {
      "type": "string"
    },
    "sqlPrepareModulesURL": {
      "type": "string"
    },
    "sqlPreparationFunction": {
      "type": "string"
    },
    "DNSServerAddress": {
      "type": "string"
    }
  },
  "resources": [
    {
      "apiVersion": "2017-03-30",
      "type": "Microsoft.Compute/virtualMachines",
      "name": "[parameters('sqlVMName')]",
      "location": "[parameters('location')]",
      "properties": {
        "hardwareProfile": {
          "vmSize": "[parameters('sqlVMSize')]"
        },
        "availabilitySet": {
          "id": "[resourceId('Microsoft.Compute/availabilitySets', parameters('sqlAvailabilitySetName'))]"
        },
        "osProfile": {
          "computerName": "[parameters('sqlVMName')]",
          "adminUsername": "[parameters('adminUsername')]",
          "adminPassword": "[parameters('adminPassword')]"
        },
    "storageProfile": {
      "imageReference": {
        "publisher": "MicrosoftSQLServer",
        "offer": "SQL2014SP2-WS2012R2",
        "sku": "standard",
        "version": "latest"
          },
          "osDisk": {
            "name": "osdisk",
            "caching": "ReadWrite",
            "createOption": "FromImage"
          },
          "dataDisks": [
            {
              "name": "[concat(parameters('sqlVMName'),'_DataDisk1')]",
              "createOption": "Empty",
              "caching": "None",
              "diskSizeGB": 1000,
              "lun": 0
            },
            {
              "name": "[concat(parameters('sqlVMName'),'_LogDisk1')]",
              "createOption": "Empty",
              "caching": "None",
              "diskSizeGB": 1000,
              "lun": 1
            }
          ]
        },
        "networkProfile": {
          "networkInterfaces": [
            {
              "id": "[resourceId('Microsoft.Network/networkInterfaces',parameters('sqlNicName'))]"
            }
          ]
        },
        "diagnosticsProfile": {
          "bootDiagnostics": {
            "enabled": true,
            "storageUri": "[concat('http://',parameters('storageAccountNamePrefix'),'2.blob.core.windows.net')]"
          }
        }
      }
    },
    {
      "type": "Microsoft.Compute/virtualMachines/extensions",
      "name": "[concat(parameters('sqlVMName'),'/CreateSQLServer')]",
      "apiVersion": "2015-06-15",
      "location": "[parameters('location')]",
      "dependsOn": [
        "[concat('Microsoft.Compute/virtualMachines/', parameters('sqlVMName'))]"
      ],
      "properties": {
        "publisher": "Microsoft.Powershell",
        "type": "DSC",
        "typeHandlerVersion": "2.20",
        "autoUpgradeMinorVersion": true,
        "settings": {
          "ModulesUrl": "[parameters('sqlPrepareModulesURL')]",
          "ConfigurationFunction": "[parameters('sqlPreparationFunction')]",
          "Properties": {
                "DNSServer": "[parameters('DNSServerAddress')]"
          }
        },
        "protectedSettings": null
      }
    }
  ],
  "outputs": {}
}
