{
  "$schema": "https://schema.management.azure.com/schemas/2015-01-01/deploymentTemplate.json#",
  "contentVersion": "1.0.0.0",
  "parameters": {
    "location": {
      "type": "string"
    },
    "adVMName": {
      "type": "string"
    },
    "adVMSize": {
      "type": "string"
    },
    "adAvailabilitySetName": {
      "type": "string"
    },
    "adminUsername": {
      "type": "string"
    },
    "adminPassword": {
      "type": "securestring"
    },
    "storageAccountNamePrefix": {
      "type": "string"
    },
    "adDataDisk": {
      "type": "string"
    },
    "adNicName": {
      "type": "string"
    },
    "adModulesURL": {
      "type": "string"
    },
    "adConfigurationFunction": {
      "type": "string"
    },
    "domainName": {
      "type": "string"
    }
  },
  "resources": [
    {
      "apiVersion": "2017-03-30",
      "type": "Microsoft.Compute/virtualMachines",
      "name": "[parameters('adVMName')]",
      "location": "[parameters('location')]",
      "properties": {
        "hardwareProfile": {
          "vmSize": "[parameters('adVMSize')]"
        },
        "availabilitySet": {
          "id": "[resourceId('Microsoft.Compute/availabilitySets', parameters('adAvailabilitySetName'))]"
        },
        "osProfile": {
          "computerName": "[parameters('adVMName')]",
          "adminUsername": "[parameters('adminUsername')]",
          "adminPassword": "[parameters('adminPassword')]"
        },
        "storageProfile": {
          "imageReference": {
            "publisher": "MicrosoftWindowsServer",
            "offer": "WindowsServer",
            "sku": "2012-R2-Datacenter",
            "version": "latest"
          },
          "osDisk": {
            "name":"[concat(parameters('adVMName'),'_OSDisk')]",
            "caching": "ReadWrite",
            "createOption": "FromImage"
          },
          "dataDisks": [
            {
              "name": "[concat(parameters('adVMName'),'_DataDisk1')]",
              "caching": "None",
              "createOption": "Empty",
              "diskSizeGB": 1000,
              "lun": 0
            }
          ]
        },
        "networkProfile": {
          "networkInterfaces": [
            {
              "id": "[resourceId('Microsoft.Network/networkInterfaces',parameters('adNicName'))]"
            }
          ]
        },
        "diagnosticsProfile": {
          "bootDiagnostics": {
            "enabled": true,
            "storageUri": "[concat('http://',parameters('storageAccountNamePrefix'),'2.blob.core.windows.net')]"
          }
        }
      },
      "resources": [
        {
          "type": "extensions",
          "name": "InstallDomainController",
          "apiVersion": "2017-03-30",
          "location": "[parameters('location')]",
          "dependsOn": [
            "[resourceId('Microsoft.Compute/virtualMachines', parameters('adVMName'))]"
          ],
          "properties": {
            "publisher": "Microsoft.Powershell",
            "type": "DSC",
            "typeHandlerVersion": "2.20",
            "autoUpgradeMinorVersion": true,
            "settings": {
              "ModulesUrl": "[parameters('adModulesURL')]",
              "wmfVersion": "4.0",
              "ConfigurationFunction": "[parameters('adConfigurationFunction')]",
              "Properties": {
                "DomainName": "[parameters('domainName')]",
                "AdminCreds": {
                  "UserName": "[parameters('adminUsername')]",
                  "Password": "PrivateSettingsRef:AdminPassword"
                }
              }
            },
            "protectedSettings": {
              "Items": {
                "AdminPassword": "[parameters('adminPassword')]"
              }
            }
          }
        }
      ]
    }
  ],
  "outputs": {}
}
